,8-30-9:50,10:00-11:20,11:30-12:50,1:00-2:20,2:30-3:50,4:00-5:20,5:30-6:50
Monday,,,,,,,
Seminar Hall,Multivariate Calculus (BCS-2H),Multivariate Calculus (BCS-2J),,Multivariate Calculus (BCS-2K),Multivariate Calculus (BCS-2F),,
NB-201,Database Systems (BCS-4F),Advanced Theory of Computation (MCS-2A),,Parallel & Distributed Comp (BCS-6J),Artificial Intelligence (BCS-6F),Programming Fundamentals (BCS-2A),Software Quality Assurance (MSP-2A)
NB-202,Digital Image Processing (BCS-6A),Object Oriented Programming (BCS-2K),Object Oriented Programming (BCS-2A),,Software Engineering (BCS-6E),,
NB-203,Digital Logic Design (BCS-2B),Digital Logic Design (BCS-2A),Digital Image Processing (BCS-6B),Object Oriented Programming (BCS-2B),Applied Programming (MCS-2A),Differential Equations (BCS-4A),
NB-204,Software Engineering (BCS-6A),Database Systems (BCS-4C),Database Systems (BCS-4D),Business Process Eng (BSE-4A),Business Process Eng (BSE-4B),Natural Laguage Processing (BDS-6C),
NB-205,Research Methdology (MDS-2A),,Intro to Internet of Things (BSE-8A),Com. Org. & Assembly Lang. (BCS-4B),Com. Org. & Assembly Lang. (BCS-4A),,
NB-206,Parallel & Distributed Comp (BCS-6D),Parallel & Distributed Comp (BCS-6E),Blockchain & Crypto (BCS-6A),Data Structures (BCS-4A),x,,
NB-207,Operating Systems (BCS-4A),Natural Laguage Processing (BDS-8A),Operating Systems (BCS-4B),,Software Design and Analysis (BCS-6A),Software Design and Analysis (BCS-6B),
NB-208,Software Engineering (BCS-6K),Database Systems (BCS-4G),Design & Analysis of Algo (BCS-4G),Design & Analysis of Algo (BCS-4H),Object Oriented Programming (BDS-2A),,
NB-209,Artificial Intelligence (BDS-6A),Software Testing (BCS-8A),Database Systems (BCS-4J),Environmental Data Science (BCS-8A),Artificial Intelligence (BCS-6L),,
NB-210,Database Systems (BDS-4A),Software Engineering (BCS-6F),Database Systems (BDS-4B),Database Systems (BDS-4C),,,
NB-301,Parallel & Distributed Comp (BCS-6H),,,Probability & Statistics (BCS-4F),Entrepreneurship (BCS-8A),,
NB-302,,Cyber Security (BCS-6A),Web Programming (BCS-8A),Parallel & Distributed Comp (BCS-6C),Environmental Studies (BSE-8A),,
NB-303,Parallel & Distributed Comp (BDS-6C),Intro to Internet of Things (BCS-8A),Soft Design & Architecture (BSE-4C),Soft Design & Architecture (BSE-4D),Natural Laguage Processing (BDS-6B),,
NB-304,Information Retrieval (BCS-8A),Information Retrieval (BCS-8B),Artificial Intelligence (BCS-6G),Operating Systems (BCS-4D),,,
NB-305,,Database Systems (BSE-4C),Artificial Intelligence (BCS-6A),Artificial Intelligence (BCS-6B),Modern Politics & Govt (BCS-4A),,
NB-306,,Web Programming (BCS-6A),Design & Analysis of Algo (BSE-6C),Data Mining (BDS-6A),Computer Networks (BSE-6B),,
NB-307,Computer Networks (BSE-6C),Software Engineering (BCS-6B),Artificial Intelligence (BCS-6E),Discrete Structures (BSE-2A),Artificial Intelligence (BCS-6N),,
NB-308,Quantum Computing (BCS-8A),Software Engineering (BCS-6C),Software Engineering (BCS-6D),,,,
NB-309,Design & Analysis of Algo (BSE-6B),Parallel & Distributed Comp (BCS-6L),Artificial Intelligence (BCS-6C),Artificial Intelligence (BCS-6M),Software for Mobile Devices (BCS-6A),Software for Mobile Devices (BSE-8A),
NB-310,Islamic Studies/Ethics & Holy Quran (BCS-2E),,,,Multivariate Calculus (BCS-2E),,
NB-311,,Object Oriented Programming (BDS-2B),Probability & Statistics (BCS-4E),Multivariate Calculus (BDS-2C),Object Oriented Programming (BDS-2C),,
NB-312,Marketing Management (BCS-8A),F. of Big Data Analytics (BDS-4A),Data Structures (BCS-4C),,Advanced Statistics (BDS-4B),,
CS-1,Probability & Statistics (BCS-4J),Multivariate Calculus (BSE-2A),Multivariate Calculus (BSE-2B),Digital Logic Design (BCS-2C),Digital Logic Design (BCS-2D),,
CS-2,Digital Logic Design (BDS-2B),Discrete Structures (BSE-2B),Digital Logic Design (BDS-2C),Expository Writing (BCS-2H),,,
CS-3,Probability & Statistics (BCS-4D),Operating Systems (BCS-4H),Database Systems (BCS-4A),Theory of Automata (BCS-6A),Database Systems (BCS-4B),Theory of Automata (BCS-6D),
CS-4,F. of Big Data Analytics (BDS-4C),Artificial Intelligence (BCS-6J),Digital Logic Design (BCS-2K),Probability & Statistics (BCS-4G),Organization Behavior (BCS-4A),,
CS-5,Operations Research (BCS-6B),Operating Systems (BCS-4J),Operating Systems (BCS-4K),American History (BCS-8A),International Relations (BSE-8A),,
CS-6,Web Engineering (BSE-6A),Web Engineering (BSE-6B),,,Probability & Statistics (BCS-4H),,
CS-7,Design & Analysis of Algo (BCS-4K),Operations Research (BCS-6A),Advanced Statistics (BDS-4C),Funda. of Software Eng (BDS-4B),Funda. of Software Eng (BDS-4A),,
CS-13,Mass Communication (BCS-8A),,,Operations Research (BCS-6G),Operations Research (BCS-6H),,
CS-14,Linear Algebra (BSE-4A),,Linear Algebra (BSE-4B),,Probability & Statistics (BCS-4K),,
E&M-2,Operations Research (BCS-6C),,Digital Logic Design (BSE-2A),Digital Logic Design (BSE-2B),Probability & Statistics (BCS-4L),,
E&M-5,Digital Logic Design (BCS-2J),Expository Writing (BCS-2D),Expository Writing (BCS-2E),,Critical Thinking (BCS-4A),,
English Lab-1,Expository Writing Lab (BCS-2D1),Expository Writing Lab (BCS-2B1),Expository Writing Lab (BCS-2C1),Expository Writing Lab (BCS-2A1),,,
English Lab-2,Expository Writing Lab (BCS-2D2),Expository Writing Lab (BCS-2B2),Expository Writing Lab (BCS-2C2),Expository Writing Lab (BCS-2A2),,,
English Lab-3,Expository Writing Lab (BCS-2F1),Expository Writing Lab (BCS-2G1),Expository Writing Lab (BCS-2H1),Expository Writing Lab (BCS-2J1),Com & Pres Skills Lab (BCS-4A1),,
English Lab-4,Expository Writing Lab (BCS-2F2),Expository Writing Lab (BCS-2G2),Expository Writing Lab (BCS-2H2),Expository Writing Lab (BCS-2J2),Com & Pres Skills Lab (BCS-4A2),,
Lab-1,"Database Systems Lab (BSE-4B1, BSE-4B2)",,"Computer Networks Lab (BSE-6A1,BSE-6A2)",,,,
Lab-2,,,,,"Database Systems Lab (BSE-4C1, BSE-4C2)",,
Lab-3,,,"Object Oriented Programming Lab (BDS-2B1,BDS-2B2)",,"Web Engineering Lab (BSE-6A1,BSE-6A2)",,
Lab-4,,,,,"Programming Fundamentals (BDS-2A1,BDS-2A2)",,
Lab-5,,,"Artificial Intelligence Lab (BDS-6C1,BDS-6C2)",,,,
Lab-6,,,"Artificial Intelligence Lab (BDS-6B1,BDS-6B2)",,,,
Lab-8,,,Reserved for other Dept,,,,
Lab-13,,,,,,,
Lab-15,"Object Oriented Programming Lab (BCS-2C1,BCS-2C2)",,,,,,
Lab-16,,,"Object Oriented Programming Lab (BCS-2G1,BCS-2G2)",,,,
Physics Lab,Digital Logic Design Lab (BDS-2C1),,Digital Logic Design Lab (BDS-2A1),,Digital Logic Design Lab (BCS-2J1),,
Micro Lab,Digital Logic Design Lab (BDS-2C2),,Digital Logic Design Lab (BDS-2A2),,Digital Logic Design Lab (BCS-2J2),,
,,,,,,,
Tuesday,,,,,,,
Seminar Hall,Multivariate Calculus (BCS-2C),Multivariate Calculus (BCS-2D),Multivariate Calculus (BCS-2B),Numerical Computing (BCS-6A),Multivariate Calculus (BCS-2A),,
NB-201,Quantum Computing (BCS-6A),Design & Analysis of Algo (BCS-4B),Design & Analysis of Algo (BCS-4A),,Object Oriented Programming (BSE-2B),Discrete Structures (BCS-4A),Human Resource Management (MSP-4A)
NB-202,Machine Learning for Data Sci (MDS-2B),Applied Artificial Intelligence (BSE-6A),,Data Mining (BDS-6C),,Programming Fundamentals (BDS-2A),
NB-203,Machine Learning for Data Sci (MDS-2A),Software Testing (BCS-6A),Object Oriented Programming (BCS-2E),Object Oriented Programming (BCS-2D),,Operating Systems (BDS-6A),
NB-204,Object Oriented Programming (BCS-2F),Object Oriented Programming (BCS-2H),Object Oriented Programming (BCS-2G),Object Oriented Programming (BCS-2J),Cyber Security (BCS-8A),,
NB-205,Artificial Intelligence (BDS-6B),Database Systems (BCS-4E),Object Oriented Programming (BSE-2A),Advanced Programming (BCS-8A),Fund. of Computer Vision (BDS-8A),,
NB-206,Mining of Massive Datasets (BCS-8A),Data Structures (BDS-4A),Advanced Statistics (BDS-4A),Computer Networks (BSE-6A),Computer Networks (BCS-6A),,
NB-207,,Natural Laguage Processing (BDS-8B),Web Programming (BDS-8A),Web Programming (BCS-6B),Data Science (BSE-8A),,
NB-208,F. of Big Data Analytics (BDS-4B),Adv Database Concepts (BSE-6A),Software Engineering (BCS-6J),Data Science (BCS-8A),Advanced Programming (BCS-6A),,
NB-209,Web Engineering (BSE-6C),Database Systems (BCS-4K),Software Engineering (BCS-6H),Adv Database Concepts (BSE-8A),Design & Analysis of Algo (BSE-6A),,
NB-210,Parallel & Distributed Comp (BCS-6A),Software Engineering (BCS-6G),,Fund. of Computer Vision (BDS-8B),,,
NB-301,Parallel & Distributed Comp (BCS-6F),Data Mining (BDS-6B),Parallel & Distributed Comp (BCS-6G),Artificial Intelligence (BCS-6H),Design & Analysis of Algo (BCS-6B),Design & Analysis of Algo (BCS-6A),
NB-302,Design & Analysis of Algo (BCS-4J),Intro to Software Eng (BSE-2A),Intro to Software Eng (BSE-2B),Parallel & Distributed Comp (BDS-6A),Chinese Language (BCS-4A),,
NB-303,Computer Networks (BCS-6B),Artificial Intelligence (BDS-6C),Blockchain & Crypto (BCS-8B),Professional Practices in IT (BCS-8A),,,
NB-304,Ideology and Const of Pak & Seerat (BCS-2J),,Operating Systems (BCS-4C),Operating Systems (BCS-4E),,,
NB-305,Intro to Coud Computing (BCS-8A),Blockchain & Crypto (BCS-8A),Operating Systems (BCS-4F),Operating Systems (BCS-4G),,,
NB-306,Database Systems (BSE-4A),Deep Learning (MDS-2A),Database Systems (BSE-4B),Object Oriented Programming (BCS-2C),,,
NB-307,,Software Engineering (BCS-6L),Parallel & Distributed Comp (BCS-6B),,,,
NB-308,,Internet of Things (MCS-2A),,,Expository Writing (BCS-2F),,
NB-309,,Software Re-Engineering (BSE-8A),Software Re-Engineering (BSE-8B),,Expository Writing (BCS-2B),,
NB-310,Ideology and Const of Pak & Seerat (BCS-2G),,,Com. Org. & Assembly Lang. (BDS-4A),Multivariate Calculus (BCS-2G),,
NB-311,Marketing Management (BCS-4A),Multivariate Calculus (BDS-2A),Multivariate Calculus (BDS-2B),,Digital Logic Design (BDS-2A),,
NB-312,Data Structures (BCS-4B),Artificial Intelligence (BCS-6D),,Ideology and Const of Pak & Seerat (BCS-2K),,,
CS-1,Digital Logic Design (BCS-2E),Digital Logic Design (BCS-2F),Environmental Studies (BDS-4A),,,,
CS-2,Modern Politics & Govt (BDS-8A),Modern Politics & Govt (BCS-8A),Theory of Automata (BCS-6C),Principles of Leadership (BCS-4A),Brand Management (BCS-4A),Entrepreneurship (BDS-4A),
CS-3,Digital Logic Design (BCS-2H),Theory of Automata (BCS-6B),Adv Database Concepts (BCS-8A),,Adv Database Concepts (BCS-6A),Digital Logic Design (BCS-2G),
CS-4,,,Expository Writing (BDS-2C),,International Relations (BSE-4A),,
CS-5,Operations Research (BCS-6D),Com. Org. & Assembly Lang. (BCS-4C),International Business (BDS-6A),Operations Research (BCS-6J),Operations Research (BCS-6K),,
CS-6,Mass Communication (BCS-4A),Probability & Statistics (BCS-4A),Expository Writing (BCS-2A),,Marketing Management (BSE-4A),,
CS-7,Probability & Statistics (BCS-4B),Probability & Statistics (BCS-4C),,Accounting and Finance (BDS-4A),Psychology (BCS-4A),,
CS-13,,Design & Analysis of Algo (BCS-4F),Design & Analysis of Algo (BCS-4E),Linear Algebra (BSE-4C),Marketing Management (BDS-6A),,
CS-14,Business Process Eng (BSE-4C),Business Process Eng (BSE-4D),,Parallel & Distributed Comp (BCS-6M),Brand Management (BCS-8A),,
E&M-2,Foreign Policy of Pakistan (BCS-4A),,Formal Methods (BSE-6A),Formal Methods (BSE-6B),,,
E&M-5,Operations Research (BCS-6E),Operations Research (BCS-6F),,,,,
English Lab-1,Expository Writing Lab (BDS-2A1),Expository Writing Lab (BDS-2B1),,,,,
English Lab-2,Expository Writing Lab (BDS-2A2),Expository Writing Lab (BDS-2B2),,,,,
English Lab-3,Expository Writing Lab (BDS-2C1),Expository Writing Lab (BCS-2E1),Expository Writing Lab (BCS-2K1),,,,
English Lab-4,Expository Writing Lab (BDS-2C2),Expository Writing Lab (BCS-2E2),Expository Writing Lab (BCS-2K2),,,,
Lab-1,,,,,,Reserved for other Dept,
Lab-2,"Object Oriented Programming Lab (BCS-2A1,BCS-2A2)",,,,,,
Lab-3,,,,,,,
Lab-4,,,"Artificial Intelligence Lab (BCS-6L1,BCS-6L2)",,"Artificial Intelligence Lab (BCS-6H1,BCS-6H2)",,
Lab-5,"Artificial Intelligence Lab (BDS-6A1,BDS-6A2)",,,,"Artificial Intelligence Lab (BCS-6J1,BCS-6J2)",,
Lab-6,"Object Oriented Programming Lab (BSE-2B1,BSE-2B2)",,,,"Computer Networks Lab (BSE-6C1,BSE-6C2)",,
Lab-8,Reserved for other Dept,,,,"Computer Networks Lab (BSE-6B1,BSE-6B2)",,
Lab-13,"Object Oriented Programming Lab (BCS-2B1,BCS-2B2)",,,Reserved for other Dept,,,
Lab-15,,,,,"Operating Systems Lab (BCS-4D1, BCS-4D2)",,
Lab-16,,,,,,,
Physics Lab,Digital Logic Design Lab (BCS-2K1),,Digital Logic Design Lab (BCS-2F1),,Digital Logic Design Lab (BCS-2C1),,
Micro Lab,Digital Logic Design Lab (BCS-2K2),,Digital Logic Design Lab (BCS-2F2),,Reserved for EE Dept,,
,,,,,,,
Wednesday,,,,,,,
Seminar Hall,Multivariate Calculus (BCS-2H),Multivariate Calculus (BCS-2J),Sociology (BDS-6A),Multivariate Calculus (BCS-2K),Multivariate Calculus (BCS-2F),,
NB-201,Database Systems (BCS-4F),Advanced Analysis of Algorithms (MCS-2A),,Parallel & Distributed Comp (BCS-6J),Artificial Intelligence (BCS-6F),Programming Fundamentals (BCS-2A),Soft. Process Managment & Metrics (MSP-2A)
NB-202,Digital Image Processing (BCS-6A),Object Oriented Programming (BCS-2K),Object Oriented Programming (BCS-2A),,Software Engineering (BCS-6E),,
NB-203,Digital Logic Design (BCS-2B),Digital Logic Design (BCS-2A),Digital Image Processing (BCS-6B),Object Oriented Programming (BCS-2B),Applied Programming (MCS-2A),Differential Equations (BCS-4A),
NB-204,Software Engineering (BCS-6A),Database Systems (BCS-4C),Database Systems (BCS-4D),Business Process Eng (BSE-4A),Business Process Eng (BSE-4B),Natural Laguage Processing (BDS-6C),
NB-205,Soft Design & Architecture (BSE-4B),Soft Design & Architecture (BSE-4A),Intro to Internet of Things (BSE-8A),Com. Org. & Assembly Lang. (BCS-4B),Com. Org. & Assembly Lang. (BCS-4A),,
NB-206,Parallel & Distributed Comp (BCS-6D),Parallel & Distributed Comp (BCS-6E),Blockchain & Crypto (BCS-6A),Data Structures (BCS-4A),Artificial Intelligence (BDS-6D),,
NB-207,Operating Systems (BCS-4A),Natural Laguage Processing (BDS-8A),Operating Systems (BCS-4B),,Software Design and Analysis (BCS-6A),Software Design and Analysis (BCS-6B),
NB-208,Software Engineering (BCS-6K),Database Systems (BCS-4G),Design & Analysis of Algo (BCS-4G),Design & Analysis of Algo (BCS-4H),Object Oriented Programming (BDS-2A),,
NB-209,Artificial Intelligence (BDS-6A),Software Testing (BCS-8A),Database Systems (BCS-4J),Environmental Data Science (BCS-8A),Artificial Intelligence (BCS-6L),,
NB-210,Database Systems (BDS-4A),Software Engineering (BCS-6F),Database Systems (BDS-4B),Database Systems (BDS-4C),Expository Writing (BDS-2B),,
NB-301,Parallel & Distributed Comp (BCS-6H),Design & Analysis of Algo (BCS-4D),Design & Analysis of Algo (BCS-4C),Probability & Statistics (BCS-4F),Entrepreneurship (BCS-8A),,
NB-302,,Cyber Security (BCS-6A),Web Programming (BCS-8A),Parallel & Distributed Comp (BCS-6C),Environmental Studies (BSE-8A),,
NB-303,Parallel & Distributed Comp (BDS-6C),Information Retrieval (BCS-8B),Soft Design & Architecture (BSE-4C),Soft Design & Architecture (BSE-4D),Natural Laguage Processing (BDS-6B),,
NB-304,Information Retrieval (BCS-8A),Intro to Internet of Things (BCS-8A),Artificial Intelligence (BCS-6G),Operating Systems (BCS-4D),,,
NB-305,,Database Systems (BCS-6A),Artificial Intelligence (BCS-6A),Artificial Intelligence (BCS-6B),Modern Politics & Govt (BCS-4A),,
NB-306,,Web Programming (BCS-6A),Design & Analysis of Algo (BSE-6C),Data Mining (BDS-6A),Computer Networks (BSE-6B),,
NB-307,Computer Networks (BSE-6C),Software Engineering (BCS-6B),Artificial Intelligence (BCS-6E),Discrete Structures (BSE-2A),Artificial Intelligence (BCS-6N),,
NB-308,Quantum Computing (BCS-8A),Software Engineering (BCS-6C),Software Engineering (BCS-6D),,,,
NB-309,Design & Analysis of Algo (BSE-6B),Parallel & Distributed Comp (BCS-6L),Artificial Intelligence (BCS-6C),Artificial Intelligence (BCS-6M),Software for Mobile Devices (BCS-6A),Software for Mobile Devices (BSE-8A),
NB-310,Islamic Studies/Ethics & Holy Quran (BCS-2C),,Islamic Studies/Ethics & Holy Quran (BCS-2D),,Multivariate Calculus (BCS-2E),,
NB-311,,Object Oriented Programming (BDS-2B),Probability & Statistics (BCS-4E),Multivariate Calculus (BDS-2C),Object Oriented Programming (BDS-2C),,
NB-312,Marketing Management (BCS-8A),F. of Big Data Analytics (BDS-4A),Data Structures (BCS-4C),,Advanced Statistics (BDS-4B),,
CS-1,Probability & Statistics (BCS-4J),Multivariate Calculus (BSE-2A),Multivariate Calculus (BSE-2B),Digital Logic Design (BCS-2C),Digital Logic Design (BCS-2D),,
CS-2,Digital Logic Design (BDS-2B),Discrete Structures (BSE-2B),Digital Logic Design (BDS-2C),Ideology and Const of Pak & Seerat (BCS-2H),,,
CS-3,Probability & Statistics (BCS-4D),Operating Systems (BCS-4H),Database Systems (BCS-4A),Theory of Automata (BCS-6A),Database Systems (BCS-4B),Theory of Automata (BCS-6D),
CS-4,F. of Big Data Analytics (BDS-4C),Artificial Intelligence (BCS-6J),Digital Logic Design (BCS-2K),Probability & Statistics (BCS-4G),Organization Behavior (BCS-4A),,
CS-5,Operations Research (BCS-6B),Operating Systems (BCS-4J),Operating Systems (BCS-4K),American History (BCS-8A),International Relations (BSE-8A),,
CS-6,Web Engineering (BSE-6A),Web Engineering (BSE-6B),,,Probability & Statistics (BCS-4H),,
CS-7,Design & Analysis of Algo (BCS-4K),Operations Research (BCS-6A),Advanced Statistics (BDS-4C),Funda. of Software Eng (BDS-4B),Funda. of Software Eng (BDS-4A),,
CS-13,Mass Communication (BCS-8A),Database Systems (BSE-4C),,Operations Research (BCS-6G),Operations Research (BCS-6H),,
CS-14,Linear Algebra (BSE-4A),,Linear Algebra (BSE-4B),,Probability & Statistics (BCS-4K),,
E&M-2,Operations Research (BCS-6C),,Digital Logic Design (BSE-2A),Digital Logic Design (BSE-2B),Probability & Statistics (BCS-4L),,
E&M-5,Digital Logic Design (BCS-2J),,Expository Writing (BCS-2G),,Expository Writing (BCS-2J),,
English Lab-1,Expository Writing Lab (BCS-2D1),Expository Writing Lab (BCS-2B1),Expository Writing Lab (BCS-2C1),Expository Writing Lab (BCS-2A1),,,
English Lab-2,Expository Writing Lab (BCS-2D2),Expository Writing Lab (BCS-2B2),Expository Writing Lab (BCS-2C2),Expository Writing Lab (BCS-2A2),,,
English Lab-3,Expository Writing Lab (BCS-2F1),Expository Writing Lab (BCS-2G1),Expository Writing Lab (BCS-2H1),Expository Writing Lab (BCS-2J1),Com & Pres Skills Lab (BCS-4A1),,
English Lab-4,Expository Writing Lab (BCS-2F2),Expository Writing Lab (BCS-2G2),Expository Writing Lab (BCS-2H2),Expository Writing Lab (BCS-2J2),Com & Pres Skills Lab (BCS-4A2),,
Lab-1,,,"Web Engineering Lab (BSE-6B1,BSE-6B2)",,"Soft Design & Architecture Lab (BSE-4C1, BSE-4C2)",,
Lab-2,"Database Systems Lab (BCS-4E1, BCS-4E2)",,,,,,
Lab-3,,,,,,,
Lab-4,,,,Reserved for other Dept,,,
Lab-5,,,"Object Oriented Programming Lab (BDS-2A1,BDS-2A2)",,,,
Lab-6,,,"Object Oriented Programming Lab (BCS-2F1,BCS-2F2)",,"Artificial Intelligence Lab (BCS-6C1,BCS-6C2)",,
Lab-8,,,,,"Soft Design & Architecture Lab (BSE-4D1, BSE-4D2)",,
Lab-13,"Object Oriented Programming Lab (BCS-2E1,BCS-2E2)",,,,"Artificial Intelligence Lab (BCS-6G1,BCS-6G2)",,
Lab-15,,,"Data Mining Lab (BDS-6B1,BDS-6B2)",,,,
Lab-16,,,,,"Operating Systems Lab (BCS-4C1, BCS-4C2)",,
Physics Lab,,,Digital Logic Design Lab (BCS-2E1),,Digital Logic Design Lab (BCS-2G1),,
Micro Lab,,,Digital Logic Design Lab (BCS-2E2),,Digital Logic Design Lab (BCS-2G2),,
,,,,,,,
Thursday,,,,,,,
Seminar Hall,Multivariate Calculus (BCS-2C),Multivariate Calculus (BCS-2D),Multivariate Calculus (BCS-2B),Numerical Computing (BCS-6A),Multivariate Calculus (BCS-2A),,
NB-201,Quantum Computing (BCS-6A),Design & Analysis of Algo (BCS-4B),Design & Analysis of Algo (BCS-4A),,Object Oriented Programming (BSE-2B),Discrete Structures (BCS-4A),Practicum - I/II (MSP-4A)
NB-202,Machine Learning for Data Sci (MDS-2B),Applied Artificial Intelligence (BSE-6A),Database Systems (BCS-4H),Data Mining (BDS-6C),,Programming Fundamentals (BDS-2A),
NB-203,Machine Learning for Data Sci (MDS-2A),Software Testing (BCS-6A),Object Oriented Programming (BCS-2E),Object Oriented Programming (BCS-2D),,Operating Systems (BDS-6A),
NB-204,Object Oriented Programming (BCS-2F),Object Oriented Programming (BCS-2H),Object Oriented Programming (BCS-2G),Object Oriented Programming (BCS-2J),Cyber Security (BCS-8A),,
NB-205,Artificial Intelligence (BDS-6B),Database Systems (BCS-4E),Object Oriented Programming (BSE-2A),Advanced Programming (BCS-8A),Fund. of Computer Vision (BDS-8A),,
NB-206,Mining of Massive Datasets (BCS-8A),Data Structures (BDS-4A),Advanced Statistics (BDS-4A),Computer Networks (BSE-6A),Computer Networks (BCS-6A),,
NB-207,,Natural Laguage Processing (BDS-8B),Web Programming (BDS-8A),Web Programming (BCS-6B),Data Science (BSE-8A),,
NB-208,F. of Big Data Analytics (BDS-4B),Adv Database Concepts (BSE-6A),Software Engineering (BCS-6J),Data Science (BCS-8A),Advanced Programming (BCS-6A),,
NB-209,Web Engineering (BSE-6C),Database Systems (BCS-4K),Software Engineering (BCS-6H),Adv Database Concepts (BSE-8A),Design & Analysis of Algo (BSE-6A),,
NB-210,Parallel & Distributed Comp (BCS-6A),Software Engineering (BCS-6G),,Fund. of Computer Vision (BDS-8B),,,
NB-301,Parallel & Distributed Comp (BCS-6F),Data Mining (BDS-6B),Parallel & Distributed Comp (BCS-6G),Artificial Intelligence (BCS-6H),,,
NB-302,Design & Analysis of Algo (BCS-4J),Intro to Software Eng (BSE-2A),Intro to Software Eng (BSE-2B),Parallel & Distributed Comp (BDS-6A),Chinese Language (BCS-4A),,
NB-303,Computer Networks (BCS-6B),Artificial Intelligence (BDS-6C),Blockchain & Crypto (BCS-8B),Professional Practices in IT (BCS-8A),,,
NB-304,Advanced Operating Systems (MCS-2A),,Operating Systems (BCS-4C),Operating Systems (BCS-4E),,,
NB-305,Intro to Coud Computing (BCS-8A),Blockchain & Crypto (BCS-8A),Operating Systems (BCS-4F),Operating Systems (BCS-4G),,,
NB-306,Database Systems (BSE-4A),Deep Learning (MDS-2A),Database Systems (BSE-4B),Object Oriented Programming (BCS-2C),,,
NB-307,,Software Engineering (BCS-6L),Parallel & Distributed Comp (BCS-6B),,,,
NB-308,,Advanced Computer Networks (MCS-2A),,,,,
NB-309,,Software Re-Engineering (BSE-8A),Software Re-Engineering (BSE-8B),,,,
NB-310,,,,Com. Org. & Assembly Lang. (BDS-4A),Multivariate Calculus (BCS-2G),,
NB-311,Marketing Management (BCS-4A),Multivariate Calculus (BDS-2A),Multivariate Calculus (BDS-2B),,Digital Logic Design (BDS-2A),,
NB-312,Data Structures (BCS-4B),Artificial Intelligence (BCS-6D),, Islamic Studies/Ethics (BDS-2C),,,
CS-1,Digital Logic Design (BCS-2E),Digital Logic Design (BCS-2F),Environmental Studies (BDS-4A),,,,
CS-2,Modern Politics & Govt (BDS-8A),Modern Politics & Govt (BCS-8A),Theory of Automata (BCS-6C),Principles of Leadership (BCS-4A),Brand Management (BCS-4A),Entrepreneurship (BDS-4A),
CS-3,Digital Logic Design (BCS-2H),Theory of Automata (BCS-6B),Adv Database Concepts (BCS-8A),,Adv Database Concepts (BCS-6A),Digital Logic Design (BCS-2G),
CS-4,Islamic Studies/Ethics & Holy Quran (BCS-2A),,,,International Relations (BSE-4A),,
CS-5,Operations Research (BCS-6D),Com. Org. & Assembly Lang. (BCS-4C),International Business (BDS-6A),Operations Research (BCS-6J),Operations Research (BCS-6K),,
CS-6,Mass Communication (BCS-4A),Probability & Statistics (BCS-4A),,,Marketing Management (BSE-4A),,
CS-7,Probability & Statistics (BCS-4B),Probability & Statistics (BCS-4C),,Accounting and Finance (BDS-4A),Psychology (BCS-4A),,
CS-13,,Design & Analysis of Algo (BCS-4F),Design & Analysis of Algo (BCS-4E),Linear Algebra (BSE-4C),Marketing Management (BDS-6A),,
CS-14,Business Process Eng (BSE-4C),Business Process Eng (BSE-4D),,Parallel & Distributed Comp (BCS-6M),Brand Management (BCS-8A),,
E&M-2,Foreign Policy of Pakistan (BCS-4A),,Formal Methods (BSE-6A),Formal Methods (BSE-6B),,,
E&M-5,Operations Research (BCS-6E),Operations Research (BCS-6F),,,,,
English Lab-1,Expository Writing Lab (BDS-2A1),Expository Writing Lab (BDS-2B1),,,,,
English Lab-2,Expository Writing Lab (BDS-2A2),Expository Writing Lab (BDS-2B2),,,,,
English Lab-3,Expository Writing Lab (BDS-2C1),Expository Writing Lab (BCS-2E1),Expository Writing Lab (BCS-2K1),,,,
English Lab-4,Expository Writing Lab (BDS-2C2),Expository Writing Lab (BCS-2E2),Expository Writing Lab (BCS-2K2),,,,
Lab-1,,,,,,,
Lab-2,"Database Systems Lab (BCS-4H1, BCS-4H2)",,,,"Artificial Intelligence Lab (BCS-6D1,BCS-6D2)",,
Lab-3,"Database Systems Lab (BCS-4G1, BCS-4G2)",,,,"Database Systems Lab (BCS-4F1, BCS-4F2)",,
Lab-4,"Data Mining Lab (BDS-6A1,BDS-6A2)",,"Database Systems Lab (BSE-4A1, BSE-4A2)",,"Artificial Intelligence Lab (BCS-6F1,BCS-6F2)",,
Lab-5,,,,,"Artificial Intelligence Lab (BCS-6N1,BCS-6N2)",,
Lab-6,,,"Artificial Intelligence Lab (BCS-6A1,BCS-6A2)",,"Artificial Intelligence Lab (BCS-6E1,BCS-6E2)",,
Lab-8,,,Reserved for other Dept,,"Web Engineering Lab (BSE-6C1,BSE-6C2)",,
Lab-13,,,,,"Object Oriented Programming Lab (BCS-2D1,BCS-2D2)",,
Lab-15,,,,,"Artificial Intelligence Lab (BCS-6B1,BCS-6B2)",,
Lab-16,"Object Oriented Programming Lab (BCS-2K1,BCS-2K2)",,,,"Object Oriented Programming Lab (BCS-2J1,BCS-2J2)",,
Physics Lab,Digital Logic Design Lab (BSE-2B1),,Digital Logic Design Lab (BCS-2A1),,Digital Logic Design Lab (BDS-2B1),,
Micro Lab,Digital Logic Design Lab (BSE-2B2),,Digital Logic Design Lab (BCS-2A2),,Reserved for EE Dept,,
,,,,,,,
Friday,,,,,,,
Seminar Hall,,,Sociology (BDS-6A),,,,
NB-201,Parallel & Distributed Comp (BDS-6B),,,,,,Requirement Engineering (MSP-2A)
NB-202,Advanced Machine Learning (MCS-4A),,Database Systems (BCS-4H),,Design & Analysis of Algo (BCS-6B),Design & Analysis of Algo (BCS-6A),
NB-203,,Info. Retrieval and Text Mining (MDS-4A),,,Natural Language Processing (MDS-2A),,
NB-204,,Compiler Construction (BCS-6A),,,Research Methodology (MCS-2A),,
NB-205,,Database Systems (BCS-6A),,,,,
NB-206,,,,,,,
NB-207,,,,,,,
NB-208,,,,,,,
NB-209,,,,,,,
NB-210,,,,,,,
NB-301,,Design & Analysis of Algo (BCS-4D),Design & Analysis of Algo (BCS-4C),,,,
NB-302,,,,,,,
NB-303,,,,,,,
NB-304,,,,,,,
NB-305,Soft Design & Architecture (BSE-4B),Soft Design & Architecture (BSE-4A),,,,,
NB-306,,,,,,,
NB-307,,,,,,,
NB-308,,,,,,,
NB-309,,,,,,,
NB-310,,,,,,,
NB-311,Ideology and Const of Pak & Seerat (BCS-2F),,,,Expository Writing (BDS-2A),,
NB-312,,,,, Islamic Studies/Ethics & Holy Quran (BDS-2B),,
CS-1,,,,,,,
CS-2,Expository Writing (BCS-2K),,,,,,
CS-3,,,,,,,
CS-4,, Islamic Studies/Ethics & Holy Quran (BDS-2A),,,,,
CS-5,,,,,,,
CS-6,Islamic Studies/Ethics & Holy Quran (BCS-2B),,,,,,
CS-7,,,,,,,
CS-13,,,,,,,
CS-14,,,,,,,
E&M-2,,,,,,,
E&M-5,,,,,,,
English Lab-1,,,,,,,
English Lab-2,,,,,,,
English Lab-3,,,,,,,
English Lab-4,,,,,,,
Lab-1,"Database Systems Lab (BCS-4A1, BCS-4A2)",,,,"Operating Systems Lab (BCS-4A1, BCS-4A2)",,
Lab-2,"Database Systems Lab (BCS-4B1, BCS-4B2)",,,,"Operating Systems Lab (BCS-4F1, BCS-4F2)",,
Lab-3,"Operating Systems Lab (BCS-4G1, BCS-4G2)",,,,"Database Systems Lab (BCS-4D1, BCS-4D2)",,
Lab-4,"Database Systems Lab (BCS-4J1, BCS-4J2)",,,,"Operating Systems Lab (BCS-4H1, BCS-4H2)",,
Lab-5,"Data Structures Lab (BDS-4A1, BDS-4A2)",,,,"Operating Systems Lab (BCS-4J1, BCS-4J2)",,
Lab-6,,"Soft Design & Architecture Lab (BSE-4B1, BSE-4B2)",,,"Soft Design & Architecture Lab (BSE-4A1, BSE-4A2)",,
Lab-8,"Object Oriented Programming Lab (BDS-2C1,BDS-2C2)",,,,"Programming Fundamentals (BCS-2A1,BCS-2A2)",,
Lab-13,"Operating Systems Lab (BCS-4E1, BCS-4E2)",,,,"Operating Systems Lab (BDS-6A1,BDS-6A2)",,
Lab-15,"Data Mining Lab (BDS-6C1,BDS-6C2)",,,,,,
Lab-16,"Database Systems Lab (BCS-4C1, BCS-4C2)",,,,"Operating Systems Lab (BCS-4B1, BCS-4B2)",,
Embedded Lab,Digital Logic Design Lab (BDS-2B2),,,,Digital Logic Design Lab (BCS-2C2),,
Physics Lab,Digital Logic Design Lab (BCS-2D1),,,,Digital Logic Design Lab (BCS-2B1),,
Micro Lab,Digital Logic Design Lab (BCS-2D2),,,,Digital Logic Design Lab (BCS-2B2),,
,,,,,,,
Saturday,,,,,,,
NB-201,Information Security (BCS-8A),,,Ethical Hacking (BCS-9A),,,
English Lab-1,,,,,,,
English Lab-2,,,,,,,
English Lab-3,,,,,,,
English Lab-4,,,,,,,
Lab-1,"Database Systems Lab (BCS-4K1, BCS-4K2)",,"F. of Big Data Analytics Lab (BDS-4A1, BDS-4A2)",,"Operating Systems Lab (BCS-4K1, BCS-4K2)",,
Lab-2,,,"Com. Org. & Assembly Lang. Lab (BCS-4C1, BCS-4C2)",,"Operating Systems Lab (BCS-6A1,BCS-6A2)",,
Lab-3,,,"Database Systems Lab (BCS-6A1,BCS-6A2)",,"Object Oriented Programming Lab (BSE-2A1,BSE-2A2)",,
Lab-4,"Artificial Intelligence Lab (BCS-6M1,BCS-6M2)",,"F. of Big Data Analytics Lab (BDS-4B1, BDS-4B2)",,"F. of Big Data Analytics Lab (BDS-4C1, BDS-4C2)",,
Lab-5,,,,,,,
Lab-6,"Com. Org. & Assembly Lang. Lab (BDS-4A1, BDS-4A2)",,"Database Systems Lab (BDS-4C1, BDS-4C2)",,"Database Systems Lab (BDS-4B1, BDS-4B2)",,
Lab-8,"Com. Org. & Assembly Lang. Lab (BCS-4B1, BCS-4B2)",,"Data Structures Lab (BCS-4B1, BCS-4B2)",,"Database Systems Lab (BDS-4A1, BDS-4A2)",,
Lab-13,"Com. Org. & Assembly Lang. Lab (BCS-4A1, BCS-4A2)",,"Data Structures Lab (BCS-4A1, BCS-4A2)",,"Data Structures Lab (BCS-4C1, BCS-4C2)",,
Lab-15,"Computer Networks Lab (BCS-6A1,BCS-6A2)",,"Computer Networks Lab (BCS-6B1,BCS-6B2)",,,,
Lab-16,"Artificial Intelligence Lab (BDS-6D1,BDS-6D2)",,"Object Oriented Programming Lab (BCS-2H1,BCS-2H2)",,,,
Physics Lab,Digital Logic Design Lab (BCS-2H1),,Digital Logic Design Lab (BSE-2A1),,,,
Micro Lab,Digital Logic Design Lab (BCS-2H2),,Digital Logic Design Lab (BSE-2A2),,,,